,Q1_Sales,Q2_Sales,Q3_Sales,Q4_Sales
count,10.0,10.0,10.0,10.0
mean,18800.0,21770.0,24550.0,27830.0
std,12656.13597342324,14589.802374718218,16035.464168869921,18028.375781898194
min,5000.0,6000.0,7000.0,8000.0
25%,9000.0,10625.0,12250.0,13875.0
50%,16500.0,19000.0,22000.0,25000.0
75%,24250.0,27250.0,30250.0,34250.0
max,45000.0,52000.0,58000.0,65000.0
